"{""timeline"": [{""type"": ""slideTransition"", ""timestamp"": ""00:00:21"", ""currentSlide"": {""slideNumber"": 2, ""verticalIndex"": 0, ""horizontalIndex"": 1}, ""previousSlide"": {""slideNumber"": 1, ""verticalIndex"": 0, ""horizontalIndex"": 0}}, {""type"": ""slideTransition"", ""timestamp"": ""00:00:28"", ""currentSlide"": {""slideNumber"": 3, ""verticalIndex"": 0, ""horizontalIndex"": 2}, ""previousSlide"": {""slideNumber"": 2, ""verticalIndex"": 0, ""horizontalIndex"": 1}}, {""type"": ""slideTransition"", ""timestamp"": ""00:00:54"", ""currentSlide"": {""slideNumber"": 2, ""verticalIndex"": 0, ""horizontalIndex"": 1}, ""previousSlide"": {""slideNumber"": 3, ""verticalIndex"": 0, ""horizontalIndex"": 2}}, {""type"": ""slideTransition"", ""timestamp"": ""00:01:39"", ""currentSlide"": {""slideNumber"": 3, ""verticalIndex"": 0, ""horizontalIndex"": 2}, ""previousSlide"": {""slideNumber"": 2, ""verticalIndex"": 0, ""horizontalIndex"": 1}}, {""type"": ""slideTransition"", ""timestamp"": ""00:01:42"", ""currentSlide"": {""slideNumber"": 4, ""verticalIndex"": 0, ""horizontalIndex"": 3}, ""previousSlide"": {""slideNumber"": 3, ""verticalIndex"": 0, ""horizontalIndex"": 2}}, {""type"": ""slideTransition"", ""timestamp"": ""00:01:43"", ""currentSlide"": {""slideNumber"": 5, ""verticalIndex"": 0, ""horizontalIndex"": 4}, ""previousSlide"": {""slideNumber"": 4, ""verticalIndex"": 0, ""horizontalIndex"": 3}}, {""type"": ""slideTransition"", ""timestamp"": ""00:01:45"", ""currentSlide"": {""slideNumber"": 8, ""verticalIndex"": 0, ""horizontalIndex"": 5}, ""previousSlide"": {""slideNumber"": 5, ""verticalIndex"": 0, ""horizontalIndex"": 4}}, {""type"": ""slideTransition"", ""timestamp"": ""00:01:46"", ""currentSlide"": {""slideNumber"": 11, ""verticalIndex"": 0, ""horizontalIndex"": 6}, ""previousSlide"": {""slideNumber"": 8, ""verticalIndex"": 0, ""horizontalIndex"": 5}}, {""type"": ""slideTransition"", ""timestamp"": ""00:01:55"", ""currentSlide"": {""slideNumber"": 12, ""verticalIndex"": 1, ""horizontalIndex"": 6}, ""previousSlide"": {""slideNumber"": 11, ""verticalIndex"": 0, ""horizontalIndex"": 6}}, {""type"": ""quiz"", ""metadata"": {""id"": ""sampleQuiz"", ""name"": ""Test Your Knowledge!!"", ""topic"": ""<p>Think you're smart enough to be on Jeopardy? Find out with this super crazy knowledge quiz!</p>"", ""numberOfQuestions"": 5}, ""quizEvent"": ""start"", ""slideData"": {""slideNumber"": 12, ""verticalIndex"": 1, ""horizontalIndex"": 6}, ""timestamp"": ""00:01:59""}, {""type"": ""quiz"", ""score"": 3, ""metadata"": {""id"": ""sampleQuiz"", ""name"": ""Test Your Knowledge!!"", ""topic"": ""<p>Think you're smart enough to be on Jeopardy? Find out with this super crazy knowledge quiz!</p>"", ""numberOfQuestions"": 5}, ""completed"": true, ""dwellTime"": ""00:00:55"", ""quizEvent"": ""complete"", ""slideData"": {""slideNumber"": 12, ""verticalIndex"": 1, ""horizontalIndex"": 6}, ""timestamp"": ""00:02:54""}, {""type"": ""quiz"", ""metadata"": {""id"": ""sampleQuiz"", ""name"": ""Test Your Knowledge!!"", ""topic"": ""<p>Think you're smart enough to be on Jeopardy? Find out with this super crazy knowledge quiz!</p>"", ""numberOfQuestions"": 5}, ""quizEvent"": ""start"", ""slideData"": {""slideNumber"": 12, ""verticalIndex"": 1, ""horizontalIndex"": 6}, ""timestamp"": ""00:03:32""}], ""userToken"": ""b0add25b-3ee8-42ad-a09b-7d6a91ff4d0b"", ""dwellTimes"": [{""type"": ""dwellTimePerSlide"", ""dwellTime"": ""00:00:21"", ""slideData"": {""slideNumber"": 1, ""verticalIndex"": 0, ""horizontalIndex"": 0}}, {""type"": ""dwellTimePerSlide"", ""dwellTime"": ""00:00:06"", ""slideData"": {""slideNumber"": 2, ""verticalIndex"": 0, ""horizontalIndex"": 1}}, {""type"": ""dwellTimePerSlide"", ""dwellTime"": ""00:00:26"", ""slideData"": {""slideNumber"": 3, ""verticalIndex"": 0, ""horizontalIndex"": 2}}, {""type"": ""dwellTimePerSlide"", ""dwellTime"": ""00:00:45"", ""slideData"": {""slideNumber"": 2, ""verticalIndex"": 0, ""horizontalIndex"": 1}}, {""type"": ""dwellTimePerSlide"", ""dwellTime"": ""00:00:02"", ""slideData"": {""slideNumber"": 3, ""verticalIndex"": 0, ""horizontalIndex"": 2}}, {""type"": ""dwellTimePerSlide"", ""dwellTime"": ""00:00:01"", ""slideData"": {""slideNumber"": 4, ""verticalIndex"": 0, ""horizontalIndex"": 3}}, {""type"": ""dwellTimePerSlide"", ""dwellTime"": ""00:00:01"", ""slideData"": {""slideNumber"": 5, ""verticalIndex"": 0, ""horizontalIndex"": 4}}, {""type"": ""dwellTimePerSlide"", ""dwellTime"": ""00:00:01"", ""slideData"": {""slideNumber"": 8, ""verticalIndex"": 0, ""horizontalIndex"": 5}}, {""type"": ""dwellTimePerSlide"", ""dwellTime"": ""00:00:09"", ""slideData"": {""slideNumber"": 11, ""verticalIndex"": 0, ""horizontalIndex"": 6}}, {""type"": ""dwellTimePerSlide"", ""dwellTime"": ""00:02:48"", ""slideData"": {""slideNumber"": 12, ""verticalIndex"": 1, ""horizontalIndex"": 6}}], ""finalProgress"": 1, ""totalDwellTime"": ""00:04:44"", ""presentationUrl"": ""http://localhost:8000/"", ""totalNumberOfSlides"": 12}"
"{""timeline"": [{""type"": ""slideTransition"", ""timestamp"": ""00:00:00"", ""currentSlide"": {""slideNumber"": 12, ""verticalIndex"": 1, ""horizontalIndex"": 6}, ""previousSlide"": {""slideNumber"": 0, ""verticalIndex"": 1, ""horizontalIndex"": 6}}, {""type"": ""slideTransition"", ""timestamp"": ""00:00:02"", ""currentSlide"": {""slideNumber"": 2, ""verticalIndex"": 0, ""horizontalIndex"": 1}, ""previousSlide"": {""slideNumber"": 12, ""verticalIndex"": 1, ""horizontalIndex"": 6}}, {""type"": ""slideTransition"", ""timestamp"": ""00:00:03"", ""currentSlide"": {""slideNumber"": 3, ""verticalIndex"": 0, ""horizontalIndex"": 2}, ""previousSlide"": {""slideNumber"": 2, ""verticalIndex"": 0, ""horizontalIndex"": 1}}, {""type"": ""slideTransition"", ""timestamp"": ""00:00:53"", ""currentSlide"": {""slideNumber"": 4, ""verticalIndex"": 0, ""horizontalIndex"": 3}, ""previousSlide"": {""slideNumber"": 3, ""verticalIndex"": 0, ""horizontalIndex"": 2}}, {""type"": ""slideTransition"", ""timestamp"": ""00:00:59"", ""currentSlide"": {""slideNumber"": 3, ""verticalIndex"": 0, ""horizontalIndex"": 2}, ""previousSlide"": {""slideNumber"": 4, ""verticalIndex"": 0, ""horizontalIndex"": 3}}, {""type"": ""slideTransition"", ""timestamp"": ""00:01:01"", ""currentSlide"": {""slideNumber"": 4, ""verticalIndex"": 0, ""horizontalIndex"": 3}, ""previousSlide"": {""slideNumber"": 3, ""verticalIndex"": 0, ""horizontalIndex"": 2}}, {""type"": ""slideTransition"", ""timestamp"": ""00:07:29"", ""currentSlide"": {""slideNumber"": 5, ""verticalIndex"": 0, ""horizontalIndex"": 4}, ""previousSlide"": {""slideNumber"": 4, ""verticalIndex"": 0, ""horizontalIndex"": 3}}, {""type"": ""slideTransition"", ""timestamp"": ""00:07:30"", ""currentSlide"": {""slideNumber"": 4, ""verticalIndex"": 0, ""horizontalIndex"": 3}, ""previousSlide"": {""slideNumber"": 5, ""verticalIndex"": 0, ""horizontalIndex"": 4}}, {""type"": ""slideTransition"", ""timestamp"": ""00:07:30"", ""currentSlide"": {""slideNumber"": 3, ""verticalIndex"": 0, ""horizontalIndex"": 2}, ""previousSlide"": {""slideNumber"": 4, ""verticalIndex"": 0, ""horizontalIndex"": 3}}, {""type"": ""slideTransition"", ""timestamp"": ""00:07:30"", ""currentSlide"": {""slideNumber"": 2, ""verticalIndex"": 0, ""horizontalIndex"": 1}, ""previousSlide"": {""slideNumber"": 3, ""verticalIndex"": 0, ""horizontalIndex"": 2}}, {""type"": ""slideTransition"", ""timestamp"": ""00:07:30"", ""currentSlide"": {""slideNumber"": 1, ""verticalIndex"": 0, ""horizontalIndex"": 0}, ""previousSlide"": {""slideNumber"": 2, ""verticalIndex"": 0, ""horizontalIndex"": 1}}, {""type"": ""slideTransition"", ""timestamp"": ""00:07:31"", ""currentSlide"": {""slideNumber"": 2, ""verticalIndex"": 0, ""horizontalIndex"": 1}, ""previousSlide"": {""slideNumber"": 1, ""verticalIndex"": 0, ""horizontalIndex"": 0}}], ""userToken"": ""b0add25b-3ee8-42ad-a09b-7d6a91ff4d0b"", ""dwellTimes"": [{""type"": ""dwellTimePerSlide"", ""dwellTime"": ""00:00:00"", ""slideData"": {""slideNumber"": 12, ""verticalIndex"": 1, ""horizontalIndex"": 6}}, {""type"": ""dwellTimePerSlide"", ""dwellTime"": ""00:00:03"", ""slideData"": {""slideNumber"": 12, ""verticalIndex"": 1, ""horizontalIndex"": 6}}, {""type"": ""dwellTimePerSlide"", ""dwellTime"": ""00:00:01"", ""slideData"": {""slideNumber"": 2, ""verticalIndex"": 0, ""horizontalIndex"": 1}}, {""type"": ""dwellTimePerSlide"", ""dwellTime"": ""00:00:49"", ""slideData"": {""slideNumber"": 3, ""verticalIndex"": 0, ""horizontalIndex"": 2}}, {""type"": ""dwellTimePerSlide"", ""dwellTime"": ""00:00:06"", ""slideData"": {""slideNumber"": 4, ""verticalIndex"": 0, ""horizontalIndex"": 3}}, {""type"": ""dwellTimePerSlide"", ""dwellTime"": ""00:00:01"", ""slideData"": {""slideNumber"": 3, ""verticalIndex"": 0, ""horizontalIndex"": 2}}, {""type"": ""dwellTimePerSlide"", ""dwellTime"": ""00:06:28"", ""slideData"": {""slideNumber"": 4, ""verticalIndex"": 0, ""horizontalIndex"": 3}}, {""type"": ""dwellTimePerSlide"", ""dwellTime"": ""00:00:01"", ""slideData"": {""slideNumber"": 5, ""verticalIndex"": 0, ""horizontalIndex"": 4}}, {""type"": ""dwellTimePerSlide"", ""dwellTime"": ""00:00:00"", ""slideData"": {""slideNumber"": 4, ""verticalIndex"": 0, ""horizontalIndex"": 3}}, {""type"": ""dwellTimePerSlide"", ""dwellTime"": ""00:00:00"", ""slideData"": {""slideNumber"": 3, ""verticalIndex"": 0, ""horizontalIndex"": 2}}, {""type"": ""dwellTimePerSlide"", ""dwellTime"": ""00:00:00"", ""slideData"": {""slideNumber"": 2, ""verticalIndex"": 0, ""horizontalIndex"": 1}}, {""type"": ""dwellTimePerSlide"", ""dwellTime"": ""00:00:00"", ""slideData"": {""slideNumber"": 1, ""verticalIndex"": 0, ""horizontalIndex"": 0}}, {""type"": ""dwellTimePerSlide"", ""dwellTime"": ""00:00:01"", ""slideData"": {""slideNumber"": 2, ""verticalIndex"": 0, ""horizontalIndex"": 1}}], ""finalProgress"": 0.09090909090909091, ""totalDwellTime"": ""00:07:33"", ""presentationUrl"": ""http://localhost:8000/"", ""totalNumberOfSlides"": 12}"
"{""timeline"": [{""type"": ""slideTransition"", ""timestamp"": ""00:00:02"", ""currentSlide"": {""slideNumber"": 2, ""verticalIndex"": 0, ""horizontalIndex"": 1}, ""previousSlide"": {""slideNumber"": 1, ""verticalIndex"": 0, ""horizontalIndex"": 0}}, {""type"": ""slideTransition"", ""timestamp"": ""00:02:08"", ""currentSlide"": {""slideNumber"": 3, ""verticalIndex"": 0, ""horizontalIndex"": 2}, ""previousSlide"": {""slideNumber"": 2, ""verticalIndex"": 0, ""horizontalIndex"": 1}}, {""type"": ""slideTransition"", ""timestamp"": ""00:02:09"", ""currentSlide"": {""slideNumber"": 4, ""verticalIndex"": 0, ""horizontalIndex"": 3}, ""previousSlide"": {""slideNumber"": 3, ""verticalIndex"": 0, ""horizontalIndex"": 2}}, {""type"": ""slideTransition"", ""timestamp"": ""00:02:11"", ""currentSlide"": {""slideNumber"": 11, ""verticalIndex"": 0, ""horizontalIndex"": 6}, ""previousSlide"": {""slideNumber"": 4, ""verticalIndex"": 0, ""horizontalIndex"": 3}}, {""type"": ""externalLink"", ""metadata"": {""href"": ""https://github.com/jewlofthelotus/SlickQuiz/blob/7ee4c24ee55bdf50bd481412ad08c74d43c2d7a4/js/slickQuiz-config.js"", ""linkText"": ""slickQuiz repository""}, ""slideData"": {""slideNumber"": 11, ""verticalIndex"": 0, ""horizontalIndex"": 6}, ""timestamp"": ""00:02:13""}, {""type"": ""externalLink"", ""metadata"": {""href"": ""https://gitlab.com/schaepermeier/reveal.js-quiz"", ""linkText"": ""reveal.js-quiz""}, ""slideData"": {""slideNumber"": 11, ""verticalIndex"": 0, ""horizontalIndex"": 6}, ""timestamp"": ""00:02:17""}, {""type"": ""slideTransition"", ""timestamp"": ""00:02:22"", ""currentSlide"": {""slideNumber"": 12, ""verticalIndex"": 1, ""horizontalIndex"": 6}, ""previousSlide"": {""slideNumber"": 11, ""verticalIndex"": 0, ""horizontalIndex"": 6}}, {""type"": ""quiz"", ""metadata"": {""id"": ""sampleQuiz"", ""name"": ""Test Your Knowledge!!"", ""topic"": ""<p>Think you're smart enough to be on Jeopardy? Find out with this super crazy knowledge quiz!</p>"", ""numberOfQuestions"": 5}, ""quizEvent"": ""start"", ""slideData"": {""slideNumber"": 12, ""verticalIndex"": 1, ""horizontalIndex"": 6}, ""timestamp"": ""00:02:23""}, {""type"": ""slideTransition"", ""timestamp"": ""00:02:48"", ""currentSlide"": {""slideNumber"": 2, ""verticalIndex"": 0, ""horizontalIndex"": 1}, ""previousSlide"": {""slideNumber"": 12, ""verticalIndex"": 1, ""horizontalIndex"": 6}}, {""type"": ""slideTransition"", ""timestamp"": ""00:14:10"", ""currentSlide"": {""slideNumber"": 3, ""verticalIndex"": 0, ""horizontalIndex"": 2}, ""previousSlide"": {""slideNumber"": 2, ""verticalIndex"": 0, ""horizontalIndex"": 1}}], ""userToken"": ""f9814431-d2dc-4d2a-aced-7e0db0b11ccc"", ""dwellTimes"": [{""type"": ""dwellTimePerSlide"", ""dwellTime"": ""00:00:02"", ""slideData"": {""slideNumber"": 1, ""verticalIndex"": 0, ""horizontalIndex"": 0}}, {""type"": ""dwellTimePerSlide"", ""dwellTime"": ""00:02:06"", ""slideData"": {""slideNumber"": 2, ""verticalIndex"": 0, ""horizontalIndex"": 1}}, {""type"": ""dwellTimePerSlide"", ""dwellTime"": ""00:00:00"", ""slideData"": {""slideNumber"": 3, ""verticalIndex"": 0, ""horizontalIndex"": 2}}, {""type"": ""dwellTimePerSlide"", ""dwellTime"": ""00:00:01"", ""slideData"": {""slideNumber"": 4, ""verticalIndex"": 0, ""horizontalIndex"": 3}}, {""type"": ""dwellTimePerSlide"", ""dwellTime"": ""00:00:11"", ""slideData"": {""slideNumber"": 11, ""verticalIndex"": 0, ""horizontalIndex"": 6}}, {""type"": ""dwellTimePerSlide"", ""dwellTime"": ""00:00:26"", ""slideData"": {""slideNumber"": 12, ""verticalIndex"": 1, ""horizontalIndex"": 6}}, {""type"": ""dwellTimePerSlide"", ""dwellTime"": ""00:11:21"", ""slideData"": {""slideNumber"": 2, ""verticalIndex"": 0, ""horizontalIndex"": 1}}, {""type"": ""dwellTimePerSlide"", ""dwellTime"": ""00:00:01"", ""slideData"": {""slideNumber"": 3, ""verticalIndex"": 0, ""horizontalIndex"": 2}}], ""finalProgress"": 0.18181818181818182, ""totalDwellTime"": ""00:14:12"", ""presentationUrl"": ""http://localhost:8000/"", ""totalNumberOfSlides"": 12}"
"{""timeline"": [{""type"": ""slideTransition"", ""timestamp"": ""00:00:00"", ""currentSlide"": {""slideNumber"": 3, ""verticalIndex"": 0, ""horizontalIndex"": 2}, ""previousSlide"": {""slideNumber"": 0, ""verticalIndex"": 0, ""horizontalIndex"": 2}}], ""userToken"": ""f9814431-d2dc-4d2a-aced-7e0db0b11ccc"", ""dwellTimes"": [{""type"": ""dwellTimePerSlide"", ""dwellTime"": ""00:00:00"", ""slideData"": {""slideNumber"": 3, ""verticalIndex"": 0, ""horizontalIndex"": 2}}, {""type"": ""dwellTimePerSlide"", ""dwellTime"": ""00:00:01"", ""slideData"": {""slideNumber"": 3, ""verticalIndex"": 0, ""horizontalIndex"": 2}}], ""finalProgress"": 0.18181818181818182, ""totalDwellTime"": ""00:00:01"", ""presentationUrl"": ""http://localhost:8000/"", ""totalNumberOfSlides"": 12}"
"{""timeline"": [{""type"": ""slideTransition"", ""timestamp"": ""00:00:00"", ""currentSlide"": {""slideNumber"": 2, ""verticalIndex"": 0, ""horizontalIndex"": 1}, ""previousSlide"": {""slideNumber"": 0, ""verticalIndex"": 0, ""horizontalIndex"": 1}}], ""userToken"": ""b0add25b-3ee8-42ad-a09b-7d6a91ff4d0b"", ""dwellTimes"": [{""type"": ""dwellTimePerSlide"", ""dwellTime"": ""00:00:00"", ""slideData"": {""slideNumber"": 2, ""verticalIndex"": 0, ""horizontalIndex"": 1}}, {""type"": ""dwellTimePerSlide"", ""dwellTime"": ""00:00:03"", ""slideData"": {""slideNumber"": 2, ""verticalIndex"": 0, ""horizontalIndex"": 1}}], ""finalProgress"": 0.09090909090909091, ""totalDwellTime"": ""00:00:03"", ""presentationUrl"": ""http://localhost:8000/"", ""totalNumberOfSlides"": 12}"
"{""timeline"": [{""type"": ""slideTransition"", ""timestamp"": ""00:00:04"", ""currentSlide"": {""slideNumber"": 2, ""verticalIndex"": 0, ""horizontalIndex"": 1}, ""previousSlide"": {""slideNumber"": 1, ""verticalIndex"": 0, ""horizontalIndex"": 0}}, {""type"": ""slideTransition"", ""timestamp"": ""00:00:04"", ""currentSlide"": {""slideNumber"": 3, ""verticalIndex"": 0, ""horizontalIndex"": 2}, ""previousSlide"": {""slideNumber"": 2, ""verticalIndex"": 0, ""horizontalIndex"": 1}}, {""type"": ""slideTransition"", ""timestamp"": ""00:00:05"", ""currentSlide"": {""slideNumber"": 4, ""verticalIndex"": 0, ""horizontalIndex"": 3}, ""previousSlide"": {""slideNumber"": 3, ""verticalIndex"": 0, ""horizontalIndex"": 2}}, {""type"": ""slideTransition"", ""timestamp"": ""00:00:06"", ""currentSlide"": {""slideNumber"": 5, ""verticalIndex"": 0, ""horizontalIndex"": 4}, ""previousSlide"": {""slideNumber"": 4, ""verticalIndex"": 0, ""horizontalIndex"": 3}}, {""type"": ""slideTransition"", ""timestamp"": ""00:00:06"", ""currentSlide"": {""slideNumber"": 8, ""verticalIndex"": 0, ""horizontalIndex"": 5}, ""previousSlide"": {""slideNumber"": 5, ""verticalIndex"": 0, ""horizontalIndex"": 4}}, {""type"": ""slideTransition"", ""timestamp"": ""00:00:06"", ""currentSlide"": {""slideNumber"": 11, ""verticalIndex"": 0, ""horizontalIndex"": 6}, ""previousSlide"": {""slideNumber"": 8, ""verticalIndex"": 0, ""horizontalIndex"": 5}}, {""type"": ""slideTransition"", ""timestamp"": ""00:00:10"", ""currentSlide"": {""slideNumber"": 12, ""verticalIndex"": 1, ""horizontalIndex"": 6}, ""previousSlide"": {""slideNumber"": 11, ""verticalIndex"": 0, ""horizontalIndex"": 6}}, {""type"": ""quiz"", ""metadata"": {""id"": ""sampleQuiz"", ""name"": ""Test Your Knowledge!!"", ""topic"": ""<p>Think you're smart enough to be on Jeopardy? Find out with this super crazy knowledge quiz!</p>"", ""numberOfQuestions"": 5}, ""quizEvent"": ""start"", ""slideData"": {""slideNumber"": 12, ""verticalIndex"": 1, ""horizontalIndex"": 6}, ""timestamp"": ""00:00:11""}], ""userToken"": ""9a025045-686c-4fca-81b2-2c3c9f73b734"", ""dwellTimes"": [{""type"": ""dwellTimePerSlide"", ""dwellTime"": ""00:00:04"", ""slideData"": {""slideNumber"": 1, ""verticalIndex"": 0, ""horizontalIndex"": 0}}, {""type"": ""dwellTimePerSlide"", ""dwellTime"": ""00:00:00"", ""slideData"": {""slideNumber"": 2, ""verticalIndex"": 0, ""horizontalIndex"": 1}}, {""type"": ""dwellTimePerSlide"", ""dwellTime"": ""00:00:00"", ""slideData"": {""slideNumber"": 3, ""verticalIndex"": 0, ""horizontalIndex"": 2}}, {""type"": ""dwellTimePerSlide"", ""dwellTime"": ""00:00:00"", ""slideData"": {""slideNumber"": 4, ""verticalIndex"": 0, ""horizontalIndex"": 3}}, {""type"": ""dwellTimePerSlide"", ""dwellTime"": ""00:00:00"", ""slideData"": {""slideNumber"": 5, ""verticalIndex"": 0, ""horizontalIndex"": 4}}, {""type"": ""dwellTimePerSlide"", ""dwellTime"": ""00:00:00"", ""slideData"": {""slideNumber"": 8, ""verticalIndex"": 0, ""horizontalIndex"": 5}}, {""type"": ""dwellTimePerSlide"", ""dwellTime"": ""00:00:03"", ""slideData"": {""slideNumber"": 11, ""verticalIndex"": 0, ""horizontalIndex"": 6}}, {""type"": ""dwellTimePerSlide"", ""dwellTime"": ""00:04:47"", ""slideData"": {""slideNumber"": 12, ""verticalIndex"": 1, ""horizontalIndex"": 6}}], ""finalProgress"": 1, ""totalDwellTime"": ""00:04:57"", ""presentationUrl"": ""http://localhost:8000/"", ""totalNumberOfSlides"": 12}"
"{""timeline"": [{""type"": ""slideTransition"", ""timestamp"": ""00:00:00"", ""currentSlide"": {""slideNumber"": 12, ""verticalIndex"": 1, ""horizontalIndex"": 6}, ""previousSlide"": {""slideNumber"": 0, ""verticalIndex"": 1, ""horizontalIndex"": 6}}, {""type"": ""quiz"", ""metadata"": {""id"": ""sampleQuiz"", ""name"": ""Test Your Knowledge!!"", ""topic"": ""<p>Think you're smart enough to be on Jeopardy? Find out with this super crazy knowledge quiz!</p>"", ""numberOfQuestions"": 5}, ""quizEvent"": ""start"", ""slideData"": {""slideNumber"": 12, ""verticalIndex"": 1, ""horizontalIndex"": 6}, ""timestamp"": ""00:00:02""}], ""userToken"": ""9a025045-686c-4fca-81b2-2c3c9f73b734"", ""dwellTimes"": [{""type"": ""dwellTimePerSlide"", ""dwellTime"": ""00:00:00"", ""slideData"": {""slideNumber"": 12, ""verticalIndex"": 1, ""horizontalIndex"": 6}}, {""type"": ""dwellTimePerSlide"", ""dwellTime"": ""00:00:10"", ""slideData"": {""slideNumber"": 12, ""verticalIndex"": 1, ""horizontalIndex"": 6}}], ""finalProgress"": 1, ""totalDwellTime"": ""00:00:10"", ""presentationUrl"": ""http://localhost:8000/"", ""totalNumberOfSlides"": 12}"
"{""timeline"": [{""type"": ""slideTransition"", ""timestamp"": ""00:00:00"", ""currentSlide"": {""slideNumber"": 12, ""verticalIndex"": 1, ""horizontalIndex"": 6}, ""previousSlide"": {""slideNumber"": 0, ""verticalIndex"": 1, ""horizontalIndex"": 6}}], ""userToken"": ""9a025045-686c-4fca-81b2-2c3c9f73b734"", ""dwellTimes"": [{""type"": ""dwellTimePerSlide"", ""dwellTime"": ""00:00:00"", ""slideData"": {""slideNumber"": 12, ""verticalIndex"": 1, ""horizontalIndex"": 6}}, {""type"": ""dwellTimePerSlide"", ""dwellTime"": ""00:00:03"", ""slideData"": {""slideNumber"": 12, ""verticalIndex"": 1, ""horizontalIndex"": 6}}], ""finalProgress"": 1, ""totalDwellTime"": ""00:00:02"", ""presentationUrl"": ""http://localhost:8000/"", ""totalNumberOfSlides"": 12}"
"{""timeline"": [{""type"": ""slideTransition"", ""timestamp"": ""00:00:00"", ""currentSlide"": {""slideNumber"": 12, ""verticalIndex"": 1, ""horizontalIndex"": 6}, ""previousSlide"": {""slideNumber"": 0, ""verticalIndex"": 1, ""horizontalIndex"": 6}}], ""userToken"": ""9a025045-686c-4fca-81b2-2c3c9f73b734"", ""dwellTimes"": [{""type"": ""dwellTimePerSlide"", ""dwellTime"": ""00:00:00"", ""slideData"": {""slideNumber"": 12, ""verticalIndex"": 1, ""horizontalIndex"": 6}}, {""type"": ""dwellTimePerSlide"", ""dwellTime"": ""00:00:34"", ""slideData"": {""slideNumber"": 12, ""verticalIndex"": 1, ""horizontalIndex"": 6}}], ""finalProgress"": 1, ""totalDwellTime"": ""00:00:34"", ""presentationUrl"": ""http://localhost:8000/"", ""totalNumberOfSlides"": 12}"
"{""timeline"": [{""type"": ""slideTransition"", ""timestamp"": ""00:00:02"", ""currentSlide"": {""slideNumber"": 2, ""verticalIndex"": 0, ""horizontalIndex"": 1}, ""previousSlide"": {""slideNumber"": 1, ""verticalIndex"": 0, ""horizontalIndex"": 0}}, {""type"": ""slideTransition"", ""timestamp"": ""00:00:07"", ""currentSlide"": {""slideNumber"": 3, ""verticalIndex"": 0, ""horizontalIndex"": 2}, ""previousSlide"": {""slideNumber"": 2, ""verticalIndex"": 0, ""horizontalIndex"": 1}}, {""type"": ""slideTransition"", ""timestamp"": ""00:00:09"", ""currentSlide"": {""slideNumber"": 11, ""verticalIndex"": 0, ""horizontalIndex"": 6}, ""previousSlide"": {""slideNumber"": 3, ""verticalIndex"": 0, ""horizontalIndex"": 2}}, {""type"": ""slideTransition"", ""timestamp"": ""00:00:11"", ""currentSlide"": {""slideNumber"": 12, ""verticalIndex"": 1, ""horizontalIndex"": 6}, ""previousSlide"": {""slideNumber"": 11, ""verticalIndex"": 0, ""horizontalIndex"": 6}}, {""type"": ""quiz"", ""metadata"": {""id"": ""sampleQuiz"", ""name"": ""Test Your Knowledge!!"", ""topic"": ""<p>Think you're smart enough to be on Jeopardy? Find out with this super crazy knowledge quiz!</p>"", ""numberOfQuestions"": 5}, ""quizEvent"": ""start"", ""slideData"": {""slideNumber"": 12, ""verticalIndex"": 1, ""horizontalIndex"": 6}, ""timestamp"": ""00:00:12""}], ""userToken"": ""8db38c64-69c0-4446-afa9-071898bc1add"", ""dwellTimes"": [{""type"": ""dwellTimePerSlide"", ""dwellTime"": ""00:00:02"", ""slideData"": {""slideNumber"": 1, ""verticalIndex"": 0, ""horizontalIndex"": 0}}, {""type"": ""dwellTimePerSlide"", ""dwellTime"": ""00:00:05"", ""slideData"": {""slideNumber"": 2, ""verticalIndex"": 0, ""horizontalIndex"": 1}}, {""type"": ""dwellTimePerSlide"", ""dwellTime"": ""00:00:01"", ""slideData"": {""slideNumber"": 3, ""verticalIndex"": 0, ""horizontalIndex"": 2}}, {""type"": ""dwellTimePerSlide"", ""dwellTime"": ""00:00:02"", ""slideData"": {""slideNumber"": 11, ""verticalIndex"": 0, ""horizontalIndex"": 6}}, {""type"": ""dwellTimePerSlide"", ""dwellTime"": ""00:00:08"", ""slideData"": {""slideNumber"": 12, ""verticalIndex"": 1, ""horizontalIndex"": 6}}], ""finalProgress"": 1, ""totalDwellTime"": ""00:00:19"", ""presentationUrl"": ""http://localhost:8000/"", ""totalNumberOfSlides"": 12}"
"{""timeline"": [{""type"": ""slideTransition"", ""timestamp"": ""00:00:00"", ""currentSlide"": {""slideNumber"": 12, ""verticalIndex"": 1, ""horizontalIndex"": 6}, ""previousSlide"": {""slideNumber"": 0, ""verticalIndex"": 1, ""horizontalIndex"": 6}}], ""userToken"": ""8db38c64-69c0-4446-afa9-071898bc1add"", ""dwellTimes"": [{""type"": ""dwellTimePerSlide"", ""dwellTime"": ""00:00:00"", ""slideData"": {""slideNumber"": 12, ""verticalIndex"": 1, ""horizontalIndex"": 6}}, {""type"": ""dwellTimePerSlide"", ""dwellTime"": ""00:00:01"", ""slideData"": {""slideNumber"": 12, ""verticalIndex"": 1, ""horizontalIndex"": 6}}], ""finalProgress"": 1, ""totalDwellTime"": ""00:00:01"", ""presentationUrl"": ""http://localhost:8000/"", ""totalNumberOfSlides"": 12}"
"{""timeline"": [{""type"": ""slideTransition"", ""timestamp"": ""00:00:09"", ""currentSlide"": {""slideNumber"": 2, ""verticalIndex"": 0, ""horizontalIndex"": 1}, ""previousSlide"": {""slideNumber"": 1, ""verticalIndex"": 0, ""horizontalIndex"": 0}}, {""type"": ""slideTransition"", ""timestamp"": ""00:00:09"", ""currentSlide"": {""slideNumber"": 3, ""verticalIndex"": 0, ""horizontalIndex"": 2}, ""previousSlide"": {""slideNumber"": 2, ""verticalIndex"": 0, ""horizontalIndex"": 1}}, {""type"": ""slideTransition"", ""timestamp"": ""00:00:10"", ""currentSlide"": {""slideNumber"": 4, ""verticalIndex"": 0, ""horizontalIndex"": 3}, ""previousSlide"": {""slideNumber"": 3, ""verticalIndex"": 0, ""horizontalIndex"": 2}}, {""type"": ""slideTransition"", ""timestamp"": ""00:00:11"", ""currentSlide"": {""slideNumber"": 5, ""verticalIndex"": 0, ""horizontalIndex"": 4}, ""previousSlide"": {""slideNumber"": 4, ""verticalIndex"": 0, ""horizontalIndex"": 3}}], ""userToken"": ""f9814431-d2dc-4d2a-aced-7e0db0b11ccc"", ""dwellTimes"": [{""type"": ""dwellTimePerSlide"", ""dwellTime"": ""00:00:09"", ""slideData"": {""slideNumber"": 1, ""verticalIndex"": 0, ""horizontalIndex"": 0}}, {""type"": ""dwellTimePerSlide"", ""dwellTime"": ""00:00:00"", ""slideData"": {""slideNumber"": 2, ""verticalIndex"": 0, ""horizontalIndex"": 1}}, {""type"": ""dwellTimePerSlide"", ""dwellTime"": ""00:00:00"", ""slideData"": {""slideNumber"": 3, ""verticalIndex"": 0, ""horizontalIndex"": 2}}, {""type"": ""dwellTimePerSlide"", ""dwellTime"": ""00:00:00"", ""slideData"": {""slideNumber"": 4, ""verticalIndex"": 0, ""horizontalIndex"": 3}}, {""type"": ""dwellTimePerSlide"", ""dwellTime"": ""00:00:00"", ""slideData"": {""slideNumber"": 5, ""verticalIndex"": 0, ""horizontalIndex"": 4}}], ""finalProgress"": 0.36363636363636365, ""totalDwellTime"": ""00:00:12"", ""presentationUrl"": ""http://localhost:8000/"", ""totalNumberOfSlides"": 12}"
"{""timeline"": [{""type"": ""slideTransition"", ""timestamp"": ""00:00:00"", ""currentSlide"": {""slideNumber"": 5, ""verticalIndex"": 0, ""horizontalIndex"": 4}, ""previousSlide"": {""slideNumber"": 0, ""verticalIndex"": 0, ""horizontalIndex"": 4}}, {""type"": ""slideTransition"", ""timestamp"": ""00:00:06"", ""currentSlide"": {""slideNumber"": 8, ""verticalIndex"": 0, ""horizontalIndex"": 5}, ""previousSlide"": {""slideNumber"": 5, ""verticalIndex"": 0, ""horizontalIndex"": 4}}, {""type"": ""slideTransition"", ""timestamp"": ""00:00:07"", ""currentSlide"": {""slideNumber"": 11, ""verticalIndex"": 0, ""horizontalIndex"": 6}, ""previousSlide"": {""slideNumber"": 8, ""verticalIndex"": 0, ""horizontalIndex"": 5}}], ""userToken"": ""f9814431-d2dc-4d2a-aced-7e0db0b11ccc"", ""dwellTimes"": [{""type"": ""dwellTimePerSlide"", ""dwellTime"": ""00:00:00"", ""slideData"": {""slideNumber"": 5, ""verticalIndex"": 0, ""horizontalIndex"": 4}}, {""type"": ""dwellTimePerSlide"", ""dwellTime"": ""00:00:06"", ""slideData"": {""slideNumber"": 5, ""verticalIndex"": 0, ""horizontalIndex"": 4}}, {""type"": ""dwellTimePerSlide"", ""dwellTime"": ""00:00:00"", ""slideData"": {""slideNumber"": 8, ""verticalIndex"": 0, ""horizontalIndex"": 5}}, {""type"": ""dwellTimePerSlide"", ""dwellTime"": ""00:00:01"", ""slideData"": {""slideNumber"": 11, ""verticalIndex"": 0, ""horizontalIndex"": 6}}], ""finalProgress"": 0.9090909090909091, ""totalDwellTime"": ""00:00:08"", ""presentationUrl"": ""http://localhost:8000/"", ""totalNumberOfSlides"": 12}"
"{""timeline"": [{""type"": ""slideTransition"", ""timestamp"": ""00:00:01"", ""currentSlide"": {""slideNumber"": 2, ""verticalIndex"": 0, ""horizontalIndex"": 1}, ""previousSlide"": {""slideNumber"": 1, ""verticalIndex"": 0, ""horizontalIndex"": 0}}, {""type"": ""slideTransition"", ""timestamp"": ""00:00:02"", ""currentSlide"": {""slideNumber"": 3, ""verticalIndex"": 0, ""horizontalIndex"": 2}, ""previousSlide"": {""slideNumber"": 2, ""verticalIndex"": 0, ""horizontalIndex"": 1}}, {""type"": ""slideTransition"", ""timestamp"": ""00:00:03"", ""currentSlide"": {""slideNumber"": 4, ""verticalIndex"": 0, ""horizontalIndex"": 3}, ""previousSlide"": {""slideNumber"": 3, ""verticalIndex"": 0, ""horizontalIndex"": 2}}, {""type"": ""slideTransition"", ""timestamp"": ""00:00:03"", ""currentSlide"": {""slideNumber"": 5, ""verticalIndex"": 0, ""horizontalIndex"": 4}, ""previousSlide"": {""slideNumber"": 4, ""verticalIndex"": 0, ""horizontalIndex"": 3}}, {""type"": ""slideTransition"", ""timestamp"": ""00:00:04"", ""currentSlide"": {""slideNumber"": 8, ""verticalIndex"": 0, ""horizontalIndex"": 5}, ""previousSlide"": {""slideNumber"": 5, ""verticalIndex"": 0, ""horizontalIndex"": 4}}, {""type"": ""slideTransition"", ""timestamp"": ""00:00:04"", ""currentSlide"": {""slideNumber"": 11, ""verticalIndex"": 0, ""horizontalIndex"": 6}, ""previousSlide"": {""slideNumber"": 8, ""verticalIndex"": 0, ""horizontalIndex"": 5}}, {""type"": ""slideTransition"", ""timestamp"": ""00:00:07"", ""currentSlide"": {""slideNumber"": 12, ""verticalIndex"": 1, ""horizontalIndex"": 6}, ""previousSlide"": {""slideNumber"": 11, ""verticalIndex"": 0, ""horizontalIndex"": 6}}, {""type"": ""quiz"", ""metadata"": {""id"": ""sampleQuiz"", ""name"": ""Test Your Knowledge!!"", ""topic"": ""<p>Think you're smart enough to be on Jeopardy? Find out with this super crazy knowledge quiz!</p>"", ""numberOfQuestions"": 5}, ""quizEvent"": ""start"", ""slideData"": {""slideNumber"": 12, ""verticalIndex"": 1, ""horizontalIndex"": 6}, ""timestamp"": ""00:00:09""}, {""type"": ""quiz"", ""score"": 3, ""metadata"": {""id"": ""sampleQuiz"", ""name"": ""Test Your Knowledge!!"", ""topic"": ""<p>Think you're smart enough to be on Jeopardy? Find out with this super crazy knowledge quiz!</p>"", ""numberOfQuestions"": 5}, ""completed"": true, ""dwellTime"": ""00:00:31"", ""quizEvent"": ""complete"", ""slideData"": {""slideNumber"": 12, ""verticalIndex"": 1, ""horizontalIndex"": 6}, ""timestamp"": ""00:00:40""}, {""type"": ""slideTransition"", ""timestamp"": ""00:00:48"", ""currentSlide"": {""slideNumber"": 11, ""verticalIndex"": 0, ""horizontalIndex"": 6}, ""previousSlide"": {""slideNumber"": 12, ""verticalIndex"": 1, ""horizontalIndex"": 6}}, {""type"": ""slideTransition"", ""timestamp"": ""00:00:51"", ""currentSlide"": {""slideNumber"": 2, ""verticalIndex"": 0, ""horizontalIndex"": 1}, ""previousSlide"": {""slideNumber"": 11, ""verticalIndex"": 0, ""horizontalIndex"": 6}}], ""userToken"": ""f9814431-d2dc-4d2a-aced-7e0db0b11ccc"", ""dwellTimes"": [{""type"": ""dwellTimePerSlide"", ""dwellTime"": ""00:00:01"", ""slideData"": {""slideNumber"": 1, ""verticalIndex"": 0, ""horizontalIndex"": 0}}, {""type"": ""dwellTimePerSlide"", ""dwellTime"": ""00:00:00"", ""slideData"": {""slideNumber"": 2, ""verticalIndex"": 0, ""horizontalIndex"": 1}}, {""type"": ""dwellTimePerSlide"", ""dwellTime"": ""00:00:00"", ""slideData"": {""slideNumber"": 3, ""verticalIndex"": 0, ""horizontalIndex"": 2}}, {""type"": ""dwellTimePerSlide"", ""dwellTime"": ""00:00:00"", ""slideData"": {""slideNumber"": 4, ""verticalIndex"": 0, ""horizontalIndex"": 3}}, {""type"": ""dwellTimePerSlide"", ""dwellTime"": ""00:00:00"", ""slideData"": {""slideNumber"": 5, ""verticalIndex"": 0, ""horizontalIndex"": 4}}, {""type"": ""dwellTimePerSlide"", ""dwellTime"": ""00:00:00"", ""slideData"": {""slideNumber"": 8, ""verticalIndex"": 0, ""horizontalIndex"": 5}}, {""type"": ""dwellTimePerSlide"", ""dwellTime"": ""00:00:02"", ""slideData"": {""slideNumber"": 11, ""verticalIndex"": 0, ""horizontalIndex"": 6}}, {""type"": ""dwellTimePerSlide"", ""dwellTime"": ""00:00:41"", ""slideData"": {""slideNumber"": 12, ""verticalIndex"": 1, ""horizontalIndex"": 6}}, {""type"": ""dwellTimePerSlide"", ""dwellTime"": ""00:00:03"", ""slideData"": {""slideNumber"": 11, ""verticalIndex"": 0, ""horizontalIndex"": 6}}, {""type"": ""dwellTimePerSlide"", ""dwellTime"": ""00:00:06"", ""slideData"": {""slideNumber"": 2, ""verticalIndex"": 0, ""horizontalIndex"": 1}}], ""finalProgress"": 0.09090909090909091, ""totalDwellTime"": ""00:00:58"", ""presentationUrl"": ""http://localhost:8000/"", ""totalNumberOfSlides"": 12}"
"{""timeline"": [{""type"": ""slideTransition"", ""timestamp"": ""00:00:02"", ""currentSlide"": {""slideNumber"": 2, ""verticalIndex"": 0, ""horizontalIndex"": 1}, ""previousSlide"": {""slideNumber"": 1, ""verticalIndex"": 0, ""horizontalIndex"": 0}}, {""type"": ""slideTransition"", ""timestamp"": ""00:00:04"", ""currentSlide"": {""slideNumber"": 3, ""verticalIndex"": 0, ""horizontalIndex"": 2}, ""previousSlide"": {""slideNumber"": 2, ""verticalIndex"": 0, ""horizontalIndex"": 1}}, {""type"": ""slideTransition"", ""timestamp"": ""00:00:04"", ""currentSlide"": {""slideNumber"": 4, ""verticalIndex"": 0, ""horizontalIndex"": 3}, ""previousSlide"": {""slideNumber"": 3, ""verticalIndex"": 0, ""horizontalIndex"": 2}}, {""type"": ""slideTransition"", ""timestamp"": ""00:00:05"", ""currentSlide"": {""slideNumber"": 5, ""verticalIndex"": 0, ""horizontalIndex"": 4}, ""previousSlide"": {""slideNumber"": 4, ""verticalIndex"": 0, ""horizontalIndex"": 3}}, {""type"": ""slideTransition"", ""timestamp"": ""00:00:06"", ""currentSlide"": {""slideNumber"": 8, ""verticalIndex"": 0, ""horizontalIndex"": 5}, ""previousSlide"": {""slideNumber"": 5, ""verticalIndex"": 0, ""horizontalIndex"": 4}}, {""type"": ""slideTransition"", ""timestamp"": ""00:00:07"", ""currentSlide"": {""slideNumber"": 11, ""verticalIndex"": 0, ""horizontalIndex"": 6}, ""previousSlide"": {""slideNumber"": 8, ""verticalIndex"": 0, ""horizontalIndex"": 5}}, {""type"": ""slideTransition"", ""timestamp"": ""00:00:08"", ""currentSlide"": {""slideNumber"": 12, ""verticalIndex"": 1, ""horizontalIndex"": 6}, ""previousSlide"": {""slideNumber"": 11, ""verticalIndex"": 0, ""horizontalIndex"": 6}}, {""type"": ""quiz"", ""metadata"": {""id"": ""sampleQuiz"", ""name"": ""Test Your Knowledge!!"", ""topic"": ""<p>Think you're smart enough to be on Jeopardy? Find out with this super crazy knowledge quiz!</p>"", ""numberOfQuestions"": 5}, ""quizEvent"": ""start"", ""slideData"": {""slideNumber"": 12, ""verticalIndex"": 1, ""horizontalIndex"": 6}, ""timestamp"": ""00:00:10""}, {""type"": ""quiz"", ""score"": 5, ""metadata"": {""id"": ""sampleQuiz"", ""name"": ""Test Your Knowledge!!"", ""topic"": ""<p>Think you're smart enough to be on Jeopardy? Find out with this super crazy knowledge quiz!</p>"", ""numberOfQuestions"": 5}, ""completed"": true, ""dwellTime"": ""00:00:26"", ""quizEvent"": ""complete"", ""slideData"": {""slideNumber"": 12, ""verticalIndex"": 1, ""horizontalIndex"": 6}, ""timestamp"": ""00:00:37""}, {""type"": ""slideTransition"", ""timestamp"": ""00:00:42"", ""currentSlide"": {""slideNumber"": 2, ""verticalIndex"": 0, ""horizontalIndex"": 1}, ""previousSlide"": {""slideNumber"": 12, ""verticalIndex"": 1, ""horizontalIndex"": 6}}], ""userToken"": ""f9814431-d2dc-4d2a-aced-7e0db0b11ccc"", ""dwellTimes"": [{""type"": ""dwellTimePerSlide"", ""dwellTime"": ""00:00:02"", ""slideData"": {""slideNumber"": 1, ""verticalIndex"": 0, ""horizontalIndex"": 0}}, {""type"": ""dwellTimePerSlide"", ""dwellTime"": ""00:00:02"", ""slideData"": {""slideNumber"": 2, ""verticalIndex"": 0, ""horizontalIndex"": 1}}, {""type"": ""dwellTimePerSlide"", ""dwellTime"": ""00:00:00"", ""slideData"": {""slideNumber"": 3, ""verticalIndex"": 0, ""horizontalIndex"": 2}}, {""type"": ""dwellTimePerSlide"", ""dwellTime"": ""00:00:00"", ""slideData"": {""slideNumber"": 4, ""verticalIndex"": 0, ""horizontalIndex"": 3}}, {""type"": ""dwellTimePerSlide"", ""dwellTime"": ""00:00:00"", ""slideData"": {""slideNumber"": 5, ""verticalIndex"": 0, ""horizontalIndex"": 4}}, {""type"": ""dwellTimePerSlide"", ""dwellTime"": ""00:00:00"", ""slideData"": {""slideNumber"": 8, ""verticalIndex"": 0, ""horizontalIndex"": 5}}, {""type"": ""dwellTimePerSlide"", ""dwellTime"": ""00:00:01"", ""slideData"": {""slideNumber"": 11, ""verticalIndex"": 0, ""horizontalIndex"": 6}}, {""type"": ""dwellTimePerSlide"", ""dwellTime"": ""00:00:33"", ""slideData"": {""slideNumber"": 12, ""verticalIndex"": 1, ""horizontalIndex"": 6}}, {""type"": ""dwellTimePerSlide"", ""dwellTime"": ""00:00:02"", ""slideData"": {""slideNumber"": 2, ""verticalIndex"": 0, ""horizontalIndex"": 1}}], ""finalProgress"": 0.09090909090909091, ""totalDwellTime"": ""00:00:44"", ""presentationUrl"": ""http://localhost:8000/"", ""totalNumberOfSlides"": 12}"
"{""timeline"": [{""type"": ""slideTransition"", ""timestamp"": ""00:00:01"", ""currentSlide"": {""slideNumber"": 2, ""verticalIndex"": 0, ""horizontalIndex"": 1}, ""previousSlide"": {""slideNumber"": 1, ""verticalIndex"": 0, ""horizontalIndex"": 0}}, {""type"": ""slideTransition"", ""timestamp"": ""00:00:02"", ""currentSlide"": {""slideNumber"": 3, ""verticalIndex"": 0, ""horizontalIndex"": 2}, ""previousSlide"": {""slideNumber"": 2, ""verticalIndex"": 0, ""horizontalIndex"": 1}}, {""type"": ""slideTransition"", ""timestamp"": ""00:00:03"", ""currentSlide"": {""slideNumber"": 4, ""verticalIndex"": 0, ""horizontalIndex"": 3}, ""previousSlide"": {""slideNumber"": 3, ""verticalIndex"": 0, ""horizontalIndex"": 2}}], ""userToken"": ""f9814431-d2dc-4d2a-aced-7e0db0b11ccc"", ""dwellTimes"": [{""type"": ""dwellTimePerSlide"", ""dwellTime"": ""00:00:01"", ""slideData"": {""slideNumber"": 1, ""verticalIndex"": 0, ""horizontalIndex"": 0}}, {""type"": ""dwellTimePerSlide"", ""dwellTime"": ""00:00:00"", ""slideData"": {""slideNumber"": 2, ""verticalIndex"": 0, ""horizontalIndex"": 1}}, {""type"": ""dwellTimePerSlide"", ""dwellTime"": ""00:00:00"", ""slideData"": {""slideNumber"": 3, ""verticalIndex"": 0, ""horizontalIndex"": 2}}, {""type"": ""dwellTimePerSlide"", ""dwellTime"": ""00:00:03"", ""slideData"": {""slideNumber"": 4, ""verticalIndex"": 0, ""horizontalIndex"": 3}}], ""finalProgress"": 0.2727272727272727, ""totalDwellTime"": ""00:00:06"", ""presentationUrl"": ""http://localhost:8000/"", ""totalNumberOfSlides"": 12}"
"{""timeline"": [{""type"": ""slideTransition"", ""timestamp"": ""00:00:06"", ""currentSlide"": {""slideNumber"": 2, ""verticalIndex"": 0, ""horizontalIndex"": 1}, ""previousSlide"": {""slideNumber"": 1, ""verticalIndex"": 0, ""horizontalIndex"": 0}}, {""type"": ""slideTransition"", ""timestamp"": ""00:00:07"", ""currentSlide"": {""slideNumber"": 3, ""verticalIndex"": 0, ""horizontalIndex"": 2}, ""previousSlide"": {""slideNumber"": 2, ""verticalIndex"": 0, ""horizontalIndex"": 1}}, {""type"": ""slideTransition"", ""timestamp"": ""00:00:07"", ""currentSlide"": {""slideNumber"": 4, ""verticalIndex"": 0, ""horizontalIndex"": 3}, ""previousSlide"": {""slideNumber"": 3, ""verticalIndex"": 0, ""horizontalIndex"": 2}}, {""type"": ""slideTransition"", ""timestamp"": ""00:00:09"", ""currentSlide"": {""slideNumber"": 5, ""verticalIndex"": 0, ""horizontalIndex"": 4}, ""previousSlide"": {""slideNumber"": 4, ""verticalIndex"": 0, ""horizontalIndex"": 3}}, {""type"": ""slideTransition"", ""timestamp"": ""00:00:11"", ""currentSlide"": {""slideNumber"": 6, ""verticalIndex"": 1, ""horizontalIndex"": 4}, ""previousSlide"": {""slideNumber"": 5, ""verticalIndex"": 0, ""horizontalIndex"": 4}}, {""type"": ""slideTransition"", ""timestamp"": ""00:00:13"", ""currentSlide"": {""slideNumber"": 7, ""verticalIndex"": 2, ""horizontalIndex"": 4}, ""previousSlide"": {""slideNumber"": 6, ""verticalIndex"": 1, ""horizontalIndex"": 4}}, {""type"": ""slideTransition"", ""timestamp"": ""00:00:17"", ""currentSlide"": {""slideNumber"": 8, ""verticalIndex"": 0, ""horizontalIndex"": 5}, ""previousSlide"": {""slideNumber"": 7, ""verticalIndex"": 2, ""horizontalIndex"": 4}}, {""type"": ""slideTransition"", ""timestamp"": ""00:00:20"", ""currentSlide"": {""slideNumber"": 11, ""verticalIndex"": 0, ""horizontalIndex"": 6}, ""previousSlide"": {""slideNumber"": 8, ""verticalIndex"": 0, ""horizontalIndex"": 5}}, {""type"": ""slideTransition"", ""timestamp"": ""00:00:21"", ""currentSlide"": {""slideNumber"": 12, ""verticalIndex"": 1, ""horizontalIndex"": 6}, ""previousSlide"": {""slideNumber"": 11, ""verticalIndex"": 0, ""horizontalIndex"": 6}}], ""userToken"": ""f9814431-d2dc-4d2a-aced-7e0db0b11ccc"", ""dwellTimes"": [{""type"": ""dwellTimePerSlide"", ""dwellTime"": ""00:00:06"", ""slideData"": {""slideNumber"": 1, ""verticalIndex"": 0, ""horizontalIndex"": 0}}, {""type"": ""dwellTimePerSlide"", ""dwellTime"": ""00:00:00"", ""slideData"": {""slideNumber"": 2, ""verticalIndex"": 0, ""horizontalIndex"": 1}}, {""type"": ""dwellTimePerSlide"", ""dwellTime"": ""00:00:00"", ""slideData"": {""slideNumber"": 3, ""verticalIndex"": 0, ""horizontalIndex"": 2}}, {""type"": ""dwellTimePerSlide"", ""dwellTime"": ""00:00:01"", ""slideData"": {""slideNumber"": 4, ""verticalIndex"": 0, ""horizontalIndex"": 3}}, {""type"": ""dwellTimePerSlide"", ""dwellTime"": ""00:00:02"", ""slideData"": {""slideNumber"": 5, ""verticalIndex"": 0, ""horizontalIndex"": 4}}, {""type"": ""dwellTimePerSlide"", ""dwellTime"": ""00:00:01"", ""slideData"": {""slideNumber"": 6, ""verticalIndex"": 1, ""horizontalIndex"": 4}}, {""type"": ""dwellTimePerSlide"", ""dwellTime"": ""00:00:03"", ""slideData"": {""slideNumber"": 7, ""verticalIndex"": 2, ""horizontalIndex"": 4}}, {""type"": ""dwellTimePerSlide"", ""dwellTime"": ""00:00:02"", ""slideData"": {""slideNumber"": 8, ""verticalIndex"": 0, ""horizontalIndex"": 5}}, {""type"": ""dwellTimePerSlide"", ""dwellTime"": ""00:00:01"", ""slideData"": {""slideNumber"": 11, ""verticalIndex"": 0, ""horizontalIndex"": 6}}, {""type"": ""dwellTimePerSlide"", ""dwellTime"": ""00:00:05"", ""slideData"": {""slideNumber"": 12, ""verticalIndex"": 1, ""horizontalIndex"": 6}}], ""finalProgress"": 1, ""totalDwellTime"": ""00:00:27"", ""presentationUrl"": ""http://localhost:8000/"", ""totalNumberOfSlides"": 12}"
"{""timeline"": [{""type"": ""slideTransition"", ""timestamp"": ""00:00:01"", ""currentSlide"": {""slideNumber"": 2, ""verticalIndex"": 0, ""horizontalIndex"": 1}, ""previousSlide"": {""slideNumber"": 1, ""verticalIndex"": 0, ""horizontalIndex"": 0}}, {""type"": ""slideTransition"", ""timestamp"": ""00:00:01"", ""currentSlide"": {""slideNumber"": 3, ""verticalIndex"": 0, ""horizontalIndex"": 2}, ""previousSlide"": {""slideNumber"": 2, ""verticalIndex"": 0, ""horizontalIndex"": 1}}, {""type"": ""slideTransition"", ""timestamp"": ""00:00:01"", ""currentSlide"": {""slideNumber"": 4, ""verticalIndex"": 0, ""horizontalIndex"": 3}, ""previousSlide"": {""slideNumber"": 3, ""verticalIndex"": 0, ""horizontalIndex"": 2}}, {""type"": ""slideTransition"", ""timestamp"": ""00:00:01"", ""currentSlide"": {""slideNumber"": 5, ""verticalIndex"": 0, ""horizontalIndex"": 4}, ""previousSlide"": {""slideNumber"": 4, ""verticalIndex"": 0, ""horizontalIndex"": 3}}, {""type"": ""slideTransition"", ""timestamp"": ""00:00:02"", ""currentSlide"": {""slideNumber"": 8, ""verticalIndex"": 0, ""horizontalIndex"": 5}, ""previousSlide"": {""slideNumber"": 5, ""verticalIndex"": 0, ""horizontalIndex"": 4}}, {""type"": ""slideTransition"", ""timestamp"": ""00:00:02"", ""currentSlide"": {""slideNumber"": 11, ""verticalIndex"": 0, ""horizontalIndex"": 6}, ""previousSlide"": {""slideNumber"": 8, ""verticalIndex"": 0, ""horizontalIndex"": 5}}, {""type"": ""slideTransition"", ""timestamp"": ""00:00:03"", ""currentSlide"": {""slideNumber"": 8, ""verticalIndex"": 0, ""horizontalIndex"": 5}, ""previousSlide"": {""slideNumber"": 11, ""verticalIndex"": 0, ""horizontalIndex"": 6}}, {""type"": ""slideTransition"", ""timestamp"": ""00:00:03"", ""currentSlide"": {""slideNumber"": 5, ""verticalIndex"": 0, ""horizontalIndex"": 4}, ""previousSlide"": {""slideNumber"": 8, ""verticalIndex"": 0, ""horizontalIndex"": 5}}, {""type"": ""slideTransition"", ""timestamp"": ""00:00:04"", ""currentSlide"": {""slideNumber"": 4, ""verticalIndex"": 0, ""horizontalIndex"": 3}, ""previousSlide"": {""slideNumber"": 5, ""verticalIndex"": 0, ""horizontalIndex"": 4}}, {""type"": ""slideTransition"", ""timestamp"": ""00:00:04"", ""currentSlide"": {""slideNumber"": 3, ""verticalIndex"": 0, ""horizontalIndex"": 2}, ""previousSlide"": {""slideNumber"": 4, ""verticalIndex"": 0, ""horizontalIndex"": 3}}, {""type"": ""slideTransition"", ""timestamp"": ""00:00:04"", ""currentSlide"": {""slideNumber"": 2, ""verticalIndex"": 0, ""horizontalIndex"": 1}, ""previousSlide"": {""slideNumber"": 3, ""verticalIndex"": 0, ""horizontalIndex"": 2}}], ""userToken"": ""f9814431-d2dc-4d2a-aced-7e0db0b11ccc"", ""dwellTimes"": [{""type"": ""dwellTimePerSlide"", ""dwellTime"": ""00:00:01"", ""slideData"": {""slideNumber"": 1, ""verticalIndex"": 0, ""horizontalIndex"": 0}}, {""type"": ""dwellTimePerSlide"", ""dwellTime"": ""00:00:00"", ""slideData"": {""slideNumber"": 2, ""verticalIndex"": 0, ""horizontalIndex"": 1}}, {""type"": ""dwellTimePerSlide"", ""dwellTime"": ""00:00:00"", ""slideData"": {""slideNumber"": 3, ""verticalIndex"": 0, ""horizontalIndex"": 2}}, {""type"": ""dwellTimePerSlide"", ""dwellTime"": ""00:00:00"", ""slideData"": {""slideNumber"": 4, ""verticalIndex"": 0, ""horizontalIndex"": 3}}, {""type"": ""dwellTimePerSlide"", ""dwellTime"": ""00:00:00"", ""slideData"": {""slideNumber"": 5, ""verticalIndex"": 0, ""horizontalIndex"": 4}}, {""type"": ""dwellTimePerSlide"", ""dwellTime"": ""00:00:00"", ""slideData"": {""slideNumber"": 8, ""verticalIndex"": 0, ""horizontalIndex"": 5}}, {""type"": ""dwellTimePerSlide"", ""dwellTime"": ""00:00:01"", ""slideData"": {""slideNumber"": 11, ""verticalIndex"": 0, ""horizontalIndex"": 6}}, {""type"": ""dwellTimePerSlide"", ""dwellTime"": ""00:00:00"", ""slideData"": {""slideNumber"": 8, ""verticalIndex"": 0, ""horizontalIndex"": 5}}, {""type"": ""dwellTimePerSlide"", ""dwellTime"": ""00:00:00"", ""slideData"": {""slideNumber"": 5, ""verticalIndex"": 0, ""horizontalIndex"": 4}}, {""type"": ""dwellTimePerSlide"", ""dwellTime"": ""00:00:00"", ""slideData"": {""slideNumber"": 4, ""verticalIndex"": 0, ""horizontalIndex"": 3}}, {""type"": ""dwellTimePerSlide"", ""dwellTime"": ""00:00:00"", ""slideData"": {""slideNumber"": 3, ""verticalIndex"": 0, ""horizontalIndex"": 2}}, {""type"": ""dwellTimePerSlide"", ""dwellTime"": ""00:00:01"", ""slideData"": {""slideNumber"": 2, ""verticalIndex"": 0, ""horizontalIndex"": 1}}], ""finalProgress"": 0.09090909090909091, ""totalDwellTime"": ""00:00:06"", ""presentationUrl"": ""http://localhost:8000/"", ""totalNumberOfSlides"": 12}"
"{""timeline"": [{""type"": ""slideTransition"", ""timestamp"": ""00:00:01"", ""currentSlide"": {""slideNumber"": 2, ""verticalIndex"": 0, ""horizontalIndex"": 1}, ""previousSlide"": {""slideNumber"": 1, ""verticalIndex"": 0, ""horizontalIndex"": 0}}, {""type"": ""slideTransition"", ""timestamp"": ""00:00:01"", ""currentSlide"": {""slideNumber"": 3, ""verticalIndex"": 0, ""horizontalIndex"": 2}, ""previousSlide"": {""slideNumber"": 2, ""verticalIndex"": 0, ""horizontalIndex"": 1}}, {""type"": ""slideTransition"", ""timestamp"": ""00:00:02"", ""currentSlide"": {""slideNumber"": 4, ""verticalIndex"": 0, ""horizontalIndex"": 3}, ""previousSlide"": {""slideNumber"": 3, ""verticalIndex"": 0, ""horizontalIndex"": 2}}, {""type"": ""slideTransition"", ""timestamp"": ""00:00:02"", ""currentSlide"": {""slideNumber"": 5, ""verticalIndex"": 0, ""horizontalIndex"": 4}, ""previousSlide"": {""slideNumber"": 4, ""verticalIndex"": 0, ""horizontalIndex"": 3}}, {""type"": ""slideTransition"", ""timestamp"": ""00:00:03"", ""currentSlide"": {""slideNumber"": 6, ""verticalIndex"": 1, ""horizontalIndex"": 4}, ""previousSlide"": {""slideNumber"": 5, ""verticalIndex"": 0, ""horizontalIndex"": 4}}, {""type"": ""slideTransition"", ""timestamp"": ""00:00:04"", ""currentSlide"": {""slideNumber"": 7, ""verticalIndex"": 2, ""horizontalIndex"": 4}, ""previousSlide"": {""slideNumber"": 6, ""verticalIndex"": 1, ""horizontalIndex"": 4}}, {""type"": ""slideTransition"", ""timestamp"": ""00:00:05"", ""currentSlide"": {""slideNumber"": 8, ""verticalIndex"": 0, ""horizontalIndex"": 5}, ""previousSlide"": {""slideNumber"": 7, ""verticalIndex"": 2, ""horizontalIndex"": 4}}, {""type"": ""slideTransition"", ""timestamp"": ""00:00:06"", ""currentSlide"": {""slideNumber"": 11, ""verticalIndex"": 0, ""horizontalIndex"": 6}, ""previousSlide"": {""slideNumber"": 8, ""verticalIndex"": 0, ""horizontalIndex"": 5}}, {""type"": ""slideTransition"", ""timestamp"": ""00:00:08"", ""currentSlide"": {""slideNumber"": 12, ""verticalIndex"": 1, ""horizontalIndex"": 6}, ""previousSlide"": {""slideNumber"": 11, ""verticalIndex"": 0, ""horizontalIndex"": 6}}, {""type"": ""quiz"", ""metadata"": {""id"": ""sampleQuiz"", ""name"": ""Test Your Knowledge!!"", ""topic"": ""<p>Think you're smart enough to be on Jeopardy? Find out with this super crazy knowledge quiz!</p>"", ""numberOfQuestions"": 5}, ""quizEvent"": ""start"", ""slideData"": {""slideNumber"": 12, ""verticalIndex"": 1, ""horizontalIndex"": 6}, ""timestamp"": ""00:00:09""}, {""type"": ""quiz"", ""score"": 4, ""metadata"": {""id"": ""sampleQuiz"", ""name"": ""Test Your Knowledge!!"", ""topic"": ""<p>Think you're smart enough to be on Jeopardy? Find out with this super crazy knowledge quiz!</p>"", ""numberOfQuestions"": 5}, ""completed"": true, ""dwellTime"": ""00:00:29"", ""quizEvent"": ""complete"", ""slideData"": {""slideNumber"": 12, ""verticalIndex"": 1, ""horizontalIndex"": 6}, ""timestamp"": ""00:00:38""}, {""type"": ""slideTransition"", ""timestamp"": ""00:00:45"", ""currentSlide"": {""slideNumber"": 11, ""verticalIndex"": 0, ""horizontalIndex"": 6}, ""previousSlide"": {""slideNumber"": 12, ""verticalIndex"": 1, ""horizontalIndex"": 6}}, {""type"": ""slideTransition"", ""timestamp"": ""00:00:46"", ""currentSlide"": {""slideNumber"": 12, ""verticalIndex"": 1, ""horizontalIndex"": 6}, ""previousSlide"": {""slideNumber"": 11, ""verticalIndex"": 0, ""horizontalIndex"": 6}}], ""userToken"": ""f9814431-d2dc-4d2a-aced-7e0db0b11ccc"", ""dwellTimes"": [{""type"": ""dwellTimePerSlide"", ""dwellTime"": ""00:00:01"", ""slideData"": {""slideNumber"": 1, ""verticalIndex"": 0, ""horizontalIndex"": 0}}, {""type"": ""dwellTimePerSlide"", ""dwellTime"": ""00:00:00"", ""slideData"": {""slideNumber"": 2, ""verticalIndex"": 0, ""horizontalIndex"": 1}}, {""type"": ""dwellTimePerSlide"", ""dwellTime"": ""00:00:00"", ""slideData"": {""slideNumber"": 3, ""verticalIndex"": 0, ""horizontalIndex"": 2}}, {""type"": ""dwellTimePerSlide"", ""dwellTime"": ""00:00:00"", ""slideData"": {""slideNumber"": 4, ""verticalIndex"": 0, ""horizontalIndex"": 3}}, {""type"": ""dwellTimePerSlide"", ""dwellTime"": ""00:00:01"", ""slideData"": {""slideNumber"": 5, ""verticalIndex"": 0, ""horizontalIndex"": 4}}, {""type"": ""dwellTimePerSlide"", ""dwellTime"": ""00:00:00"", ""slideData"": {""slideNumber"": 6, ""verticalIndex"": 1, ""horizontalIndex"": 4}}, {""type"": ""dwellTimePerSlide"", ""dwellTime"": ""00:00:00"", ""slideData"": {""slideNumber"": 7, ""verticalIndex"": 2, ""horizontalIndex"": 4}}, {""type"": ""dwellTimePerSlide"", ""dwellTime"": ""00:00:00"", ""slideData"": {""slideNumber"": 8, ""verticalIndex"": 0, ""horizontalIndex"": 5}}, {""type"": ""dwellTimePerSlide"", ""dwellTime"": ""00:00:01"", ""slideData"": {""slideNumber"": 11, ""verticalIndex"": 0, ""horizontalIndex"": 6}}, {""type"": ""dwellTimePerSlide"", ""dwellTime"": ""00:00:37"", ""slideData"": {""slideNumber"": 12, ""verticalIndex"": 1, ""horizontalIndex"": 6}}, {""type"": ""dwellTimePerSlide"", ""dwellTime"": ""00:00:00"", ""slideData"": {""slideNumber"": 11, ""verticalIndex"": 0, ""horizontalIndex"": 6}}, {""type"": ""dwellTimePerSlide"", ""dwellTime"": ""00:00:03"", ""slideData"": {""slideNumber"": 12, ""verticalIndex"": 1, ""horizontalIndex"": 6}}], ""finalProgress"": 1, ""totalDwellTime"": ""00:00:50"", ""presentationUrl"": ""http://localhost:8000/"", ""totalNumberOfSlides"": 12}"
"{""timeline"": [{""type"": ""slideTransition"", ""timestamp"": ""00:00:03"", ""currentSlide"": {""slideNumber"": 2, ""verticalIndex"": 0, ""horizontalIndex"": 1}, ""previousSlide"": {""slideNumber"": 1, ""verticalIndex"": 0, ""horizontalIndex"": 0}}, {""type"": ""slideTransition"", ""timestamp"": ""00:00:03"", ""currentSlide"": {""slideNumber"": 3, ""verticalIndex"": 0, ""horizontalIndex"": 2}, ""previousSlide"": {""slideNumber"": 2, ""verticalIndex"": 0, ""horizontalIndex"": 1}}, {""type"": ""slideTransition"", ""timestamp"": ""00:00:04"", ""currentSlide"": {""slideNumber"": 4, ""verticalIndex"": 0, ""horizontalIndex"": 3}, ""previousSlide"": {""slideNumber"": 3, ""verticalIndex"": 0, ""horizontalIndex"": 2}}, {""type"": ""slideTransition"", ""timestamp"": ""00:00:04"", ""currentSlide"": {""slideNumber"": 5, ""verticalIndex"": 0, ""horizontalIndex"": 4}, ""previousSlide"": {""slideNumber"": 4, ""verticalIndex"": 0, ""horizontalIndex"": 3}}, {""type"": ""slideTransition"", ""timestamp"": ""00:00:05"", ""currentSlide"": {""slideNumber"": 8, ""verticalIndex"": 0, ""horizontalIndex"": 5}, ""previousSlide"": {""slideNumber"": 5, ""verticalIndex"": 0, ""horizontalIndex"": 4}}, {""type"": ""slideTransition"", ""timestamp"": ""00:00:06"", ""currentSlide"": {""slideNumber"": 11, ""verticalIndex"": 0, ""horizontalIndex"": 6}, ""previousSlide"": {""slideNumber"": 8, ""verticalIndex"": 0, ""horizontalIndex"": 5}}, {""type"": ""slideTransition"", ""timestamp"": ""00:00:07"", ""currentSlide"": {""slideNumber"": 12, ""verticalIndex"": 1, ""horizontalIndex"": 6}, ""previousSlide"": {""slideNumber"": 11, ""verticalIndex"": 0, ""horizontalIndex"": 6}}, {""type"": ""quiz"", ""metadata"": {""id"": ""sampleQuiz"", ""name"": ""Test Your Knowledge!!"", ""topic"": ""<p>Think you're smart enough to be on Jeopardy? Find out with this super crazy knowledge quiz!</p>"", ""numberOfQuestions"": 5}, ""quizEvent"": ""start"", ""slideData"": {""slideNumber"": 12, ""verticalIndex"": 1, ""horizontalIndex"": 6}, ""timestamp"": ""00:00:09""}, {""type"": ""slideTransition"", ""timestamp"": ""00:00:11"", ""currentSlide"": {""slideNumber"": 11, ""verticalIndex"": 0, ""horizontalIndex"": 6}, ""previousSlide"": {""slideNumber"": 12, ""verticalIndex"": 1, ""horizontalIndex"": 6}}, {""type"": ""slideTransition"", ""timestamp"": ""00:00:13"", ""currentSlide"": {""slideNumber"": 12, ""verticalIndex"": 1, ""horizontalIndex"": 6}, ""previousSlide"": {""slideNumber"": 11, ""verticalIndex"": 0, ""horizontalIndex"": 6}}, {""type"": ""slideTransition"", ""timestamp"": ""00:00:20"", ""currentSlide"": {""slideNumber"": 11, ""verticalIndex"": 0, ""horizontalIndex"": 6}, ""previousSlide"": {""slideNumber"": 12, ""verticalIndex"": 1, ""horizontalIndex"": 6}}, {""type"": ""slideTransition"", ""timestamp"": ""00:00:24"", ""currentSlide"": {""slideNumber"": 12, ""verticalIndex"": 1, ""horizontalIndex"": 6}, ""previousSlide"": {""slideNumber"": 11, ""verticalIndex"": 0, ""horizontalIndex"": 6}}, {""type"": ""slideTransition"", ""timestamp"": ""00:00:28"", ""currentSlide"": {""slideNumber"": 11, ""verticalIndex"": 0, ""horizontalIndex"": 6}, ""previousSlide"": {""slideNumber"": 12, ""verticalIndex"": 1, ""horizontalIndex"": 6}}, {""type"": ""slideTransition"", ""timestamp"": ""00:00:30"", ""currentSlide"": {""slideNumber"": 12, ""verticalIndex"": 1, ""horizontalIndex"": 6}, ""previousSlide"": {""slideNumber"": 11, ""verticalIndex"": 0, ""horizontalIndex"": 6}}, {""type"": ""slideTransition"", ""timestamp"": ""00:00:30"", ""currentSlide"": {""slideNumber"": 11, ""verticalIndex"": 0, ""horizontalIndex"": 6}, ""previousSlide"": {""slideNumber"": 12, ""verticalIndex"": 1, ""horizontalIndex"": 6}}, {""type"": ""slideTransition"", ""timestamp"": ""00:00:31"", ""currentSlide"": {""slideNumber"": 12, ""verticalIndex"": 1, ""horizontalIndex"": 6}, ""previousSlide"": {""slideNumber"": 11, ""verticalIndex"": 0, ""horizontalIndex"": 6}}, {""type"": ""slideTransition"", ""timestamp"": ""00:00:37"", ""currentSlide"": {""slideNumber"": 11, ""verticalIndex"": 0, ""horizontalIndex"": 6}, ""previousSlide"": {""slideNumber"": 12, ""verticalIndex"": 1, ""horizontalIndex"": 6}}, {""type"": ""slideTransition"", ""timestamp"": ""00:00:39"", ""currentSlide"": {""slideNumber"": 12, ""verticalIndex"": 1, ""horizontalIndex"": 6}, ""previousSlide"": {""slideNumber"": 11, ""verticalIndex"": 0, ""horizontalIndex"": 6}}, {""type"": ""slideTransition"", ""timestamp"": ""00:00:41"", ""currentSlide"": {""slideNumber"": 11, ""verticalIndex"": 0, ""horizontalIndex"": 6}, ""previousSlide"": {""slideNumber"": 12, ""verticalIndex"": 1, ""horizontalIndex"": 6}}, {""type"": ""slideTransition"", ""timestamp"": ""00:00:43"", ""currentSlide"": {""slideNumber"": 12, ""verticalIndex"": 1, ""horizontalIndex"": 6}, ""previousSlide"": {""slideNumber"": 11, ""verticalIndex"": 0, ""horizontalIndex"": 6}}, {""type"": ""slideTransition"", ""timestamp"": ""00:00:46"", ""currentSlide"": {""slideNumber"": 11, ""verticalIndex"": 0, ""horizontalIndex"": 6}, ""previousSlide"": {""slideNumber"": 12, ""verticalIndex"": 1, ""horizontalIndex"": 6}}, {""type"": ""slideTransition"", ""timestamp"": ""00:00:48"", ""currentSlide"": {""slideNumber"": 12, ""verticalIndex"": 1, ""horizontalIndex"": 6}, ""previousSlide"": {""slideNumber"": 11, ""verticalIndex"": 0, ""horizontalIndex"": 6}}, {""type"": ""slideTransition"", ""timestamp"": ""00:00:48"", ""currentSlide"": {""slideNumber"": 11, ""verticalIndex"": 0, ""horizontalIndex"": 6}, ""previousSlide"": {""slideNumber"": 12, ""verticalIndex"": 1, ""horizontalIndex"": 6}}, {""type"": ""slideTransition"", ""timestamp"": ""00:00:49"", ""currentSlide"": {""slideNumber"": 12, ""verticalIndex"": 1, ""horizontalIndex"": 6}, ""previousSlide"": {""slideNumber"": 11, ""verticalIndex"": 0, ""horizontalIndex"": 6}}, {""type"": ""slideTransition"", ""timestamp"": ""00:00:51"", ""currentSlide"": {""slideNumber"": 11, ""verticalIndex"": 0, ""horizontalIndex"": 6}, ""previousSlide"": {""slideNumber"": 12, ""verticalIndex"": 1, ""horizontalIndex"": 6}}, {""type"": ""slideTransition"", ""timestamp"": ""00:00:53"", ""currentSlide"": {""slideNumber"": 12, ""verticalIndex"": 1, ""horizontalIndex"": 6}, ""previousSlide"": {""slideNumber"": 11, ""verticalIndex"": 0, ""horizontalIndex"": 6}}, {""type"": ""slideTransition"", ""timestamp"": ""00:00:56"", ""currentSlide"": {""slideNumber"": 11, ""verticalIndex"": 0, ""horizontalIndex"": 6}, ""previousSlide"": {""slideNumber"": 12, ""verticalIndex"": 1, ""horizontalIndex"": 6}}, {""type"": ""slideTransition"", ""timestamp"": ""00:00:58"", ""currentSlide"": {""slideNumber"": 12, ""verticalIndex"": 1, ""horizontalIndex"": 6}, ""previousSlide"": {""slideNumber"": 11, ""verticalIndex"": 0, ""horizontalIndex"": 6}}, {""type"": ""slideTransition"", ""timestamp"": ""00:01:01"", ""currentSlide"": {""slideNumber"": 11, ""verticalIndex"": 0, ""horizontalIndex"": 6}, ""previousSlide"": {""slideNumber"": 12, ""verticalIndex"": 1, ""horizontalIndex"": 6}}, {""type"": ""slideTransition"", ""timestamp"": ""00:01:02"", ""currentSlide"": {""slideNumber"": 12, ""verticalIndex"": 1, ""horizontalIndex"": 6}, ""previousSlide"": {""slideNumber"": 11, ""verticalIndex"": 0, ""horizontalIndex"": 6}}, {""type"": ""slideTransition"", ""timestamp"": ""00:01:04"", ""currentSlide"": {""slideNumber"": 11, ""verticalIndex"": 0, ""horizontalIndex"": 6}, ""previousSlide"": {""slideNumber"": 12, ""verticalIndex"": 1, ""horizontalIndex"": 6}}, {""type"": ""slideTransition"", ""timestamp"": ""00:01:05"", ""currentSlide"": {""slideNumber"": 12, ""verticalIndex"": 1, ""horizontalIndex"": 6}, ""previousSlide"": {""slideNumber"": 11, ""verticalIndex"": 0, ""horizontalIndex"": 6}}, {""type"": ""slideTransition"", ""timestamp"": ""00:01:05"", ""currentSlide"": {""slideNumber"": 11, ""verticalIndex"": 0, ""horizontalIndex"": 6}, ""previousSlide"": {""slideNumber"": 12, ""verticalIndex"": 1, ""horizontalIndex"": 6}}, {""type"": ""slideTransition"", ""timestamp"": ""00:01:07"", ""currentSlide"": {""slideNumber"": 12, ""verticalIndex"": 1, ""horizontalIndex"": 6}, ""previousSlide"": {""slideNumber"": 11, ""verticalIndex"": 0, ""horizontalIndex"": 6}}, {""type"": ""quiz"", ""score"": 1, ""metadata"": {""id"": ""sampleQuiz"", ""name"": ""Test Your Knowledge!!"", ""topic"": ""<p>Think you're smart enough to be on Jeopardy? Find out with this super crazy knowledge quiz!</p>"", ""numberOfQuestions"": 5}, ""completed"": true, ""dwellTime"": ""00:01:01"", ""quizEvent"": ""complete"", ""slideData"": {""slideNumber"": 12, ""verticalIndex"": 1, ""horizontalIndex"": 6}, ""timestamp"": ""00:01:10""}, {""type"": ""slideTransition"", ""timestamp"": ""00:01:10"", ""currentSlide"": {""slideNumber"": 11, ""verticalIndex"": 0, ""horizontalIndex"": 6}, ""previousSlide"": {""slideNumber"": 12, ""verticalIndex"": 1, ""horizontalIndex"": 6}}, {""type"": ""slideTransition"", ""timestamp"": ""00:01:12"", ""currentSlide"": {""slideNumber"": 12, ""verticalIndex"": 1, ""horizontalIndex"": 6}, ""previousSlide"": {""slideNumber"": 11, ""verticalIndex"": 0, ""horizontalIndex"": 6}}], ""userToken"": ""f9814431-d2dc-4d2a-aced-7e0db0b11ccc"", ""dwellTimes"": [{""type"": ""dwellTimePerSlide"", ""dwellTime"": ""00:00:03"", ""slideData"": {""slideNumber"": 1, ""verticalIndex"": 0, ""horizontalIndex"": 0}}, {""type"": ""dwellTimePerSlide"", ""dwellTime"": ""00:00:00"", ""slideData"": {""slideNumber"": 2, ""verticalIndex"": 0, ""horizontalIndex"": 1}}, {""type"": ""dwellTimePerSlide"", ""dwellTime"": ""00:00:00"", ""slideData"": {""slideNumber"": 3, ""verticalIndex"": 0, ""horizontalIndex"": 2}}, {""type"": ""dwellTimePerSlide"", ""dwellTime"": ""00:00:00"", ""slideData"": {""slideNumber"": 4, ""verticalIndex"": 0, ""horizontalIndex"": 3}}, {""type"": ""dwellTimePerSlide"", ""dwellTime"": ""00:00:00"", ""slideData"": {""slideNumber"": 5, ""verticalIndex"": 0, ""horizontalIndex"": 4}}, {""type"": ""dwellTimePerSlide"", ""dwellTime"": ""00:00:00"", ""slideData"": {""slideNumber"": 8, ""verticalIndex"": 0, ""horizontalIndex"": 5}}, {""type"": ""dwellTimePerSlide"", ""dwellTime"": ""00:00:01"", ""slideData"": {""slideNumber"": 11, ""verticalIndex"": 0, ""horizontalIndex"": 6}}, {""type"": ""dwellTimePerSlide"", ""dwellTime"": ""00:00:03"", ""slideData"": {""slideNumber"": 12, ""verticalIndex"": 1, ""horizontalIndex"": 6}}, {""type"": ""dwellTimePerSlide"", ""dwellTime"": ""00:00:02"", ""slideData"": {""slideNumber"": 11, ""verticalIndex"": 0, ""horizontalIndex"": 6}}, {""type"": ""dwellTimePerSlide"", ""dwellTime"": ""00:00:06"", ""slideData"": {""slideNumber"": 12, ""verticalIndex"": 1, ""horizontalIndex"": 6}}, {""type"": ""dwellTimePerSlide"", ""dwellTime"": ""00:00:04"", ""slideData"": {""slideNumber"": 11, ""verticalIndex"": 0, ""horizontalIndex"": 6}}, {""type"": ""dwellTimePerSlide"", ""dwellTime"": ""00:00:04"", ""slideData"": {""slideNumber"": 12, ""verticalIndex"": 1, ""horizontalIndex"": 6}}, {""type"": ""dwellTimePerSlide"", ""dwellTime"": ""00:00:02"", ""slideData"": {""slideNumber"": 11, ""verticalIndex"": 0, ""horizontalIndex"": 6}}, {""type"": ""dwellTimePerSlide"", ""dwellTime"": ""00:00:00"", ""slideData"": {""slideNumber"": 12, ""verticalIndex"": 1, ""horizontalIndex"": 6}}, {""type"": ""dwellTimePerSlide"", ""dwellTime"": ""00:00:00"", ""slideData"": {""slideNumber"": 11, ""verticalIndex"": 0, ""horizontalIndex"": 6}}, {""type"": ""dwellTimePerSlide"", ""dwellTime"": ""00:00:06"", ""slideData"": {""slideNumber"": 12, ""verticalIndex"": 1, ""horizontalIndex"": 6}}, {""type"": ""dwellTimePerSlide"", ""dwellTime"": ""00:00:01"", ""slideData"": {""slideNumber"": 11, ""verticalIndex"": 0, ""horizontalIndex"": 6}}, {""type"": ""dwellTimePerSlide"", ""dwellTime"": ""00:00:01"", ""slideData"": {""slideNumber"": 12, ""verticalIndex"": 1, ""horizontalIndex"": 6}}, {""type"": ""dwellTimePerSlide"", ""dwellTime"": ""00:00:02"", ""slideData"": {""slideNumber"": 11, ""verticalIndex"": 0, ""horizontalIndex"": 6}}, {""type"": ""dwellTimePerSlide"", ""dwellTime"": ""00:00:02"", ""slideData"": {""slideNumber"": 12, ""verticalIndex"": 1, ""horizontalIndex"": 6}}, {""type"": ""dwellTimePerSlide"", ""dwellTime"": ""00:00:01"", ""slideData"": {""slideNumber"": 11, ""verticalIndex"": 0, ""horizontalIndex"": 6}}, {""type"": ""dwellTimePerSlide"", ""dwellTime"": ""00:00:00"", ""slideData"": {""slideNumber"": 12, ""verticalIndex"": 1, ""horizontalIndex"": 6}}, {""type"": ""dwellTimePerSlide"", ""dwellTime"": ""00:00:01"", ""slideData"": {""slideNumber"": 11, ""verticalIndex"": 0, ""horizontalIndex"": 6}}, {""type"": ""dwellTimePerSlide"", ""dwellTime"": ""00:00:02"", ""slideData"": {""slideNumber"": 12, ""verticalIndex"": 1, ""horizontalIndex"": 6}}, {""type"": ""dwellTimePerSlide"", ""dwellTime"": ""00:00:01"", ""slideData"": {""slideNumber"": 11, ""verticalIndex"": 0, ""horizontalIndex"": 6}}, {""type"": ""dwellTimePerSlide"", ""dwellTime"": ""00:00:03"", ""slideData"": {""slideNumber"": 12, ""verticalIndex"": 1, ""horizontalIndex"": 6}}, {""type"": ""dwellTimePerSlide"", ""dwellTime"": ""00:00:01"", ""slideData"": {""slideNumber"": 11, ""verticalIndex"": 0, ""horizontalIndex"": 6}}, {""type"": ""dwellTimePerSlide"", ""dwellTime"": ""00:00:02"", ""slideData"": {""slideNumber"": 12, ""verticalIndex"": 1, ""horizontalIndex"": 6}}, {""type"": ""dwellTimePerSlide"", ""dwellTime"": ""00:00:01"", ""slideData"": {""slideNumber"": 11, ""verticalIndex"": 0, ""horizontalIndex"": 6}}, {""type"": ""dwellTimePerSlide"", ""dwellTime"": ""00:00:01"", ""slideData"": {""slideNumber"": 12, ""verticalIndex"": 1, ""horizontalIndex"": 6}}, {""type"": ""dwellTimePerSlide"", ""dwellTime"": ""00:00:01"", ""slideData"": {""slideNumber"": 11, ""verticalIndex"": 0, ""horizontalIndex"": 6}}, {""type"": ""dwellTimePerSlide"", ""dwellTime"": ""00:00:00"", ""slideData"": {""slideNumber"": 12, ""verticalIndex"": 1, ""horizontalIndex"": 6}}, {""type"": ""dwellTimePerSlide"", ""dwellTime"": ""00:00:01"", ""slideData"": {""slideNumber"": 11, ""verticalIndex"": 0, ""horizontalIndex"": 6}}, {""type"": ""dwellTimePerSlide"", ""dwellTime"": ""00:00:03"", ""slideData"": {""slideNumber"": 12, ""verticalIndex"": 1, ""horizontalIndex"": 6}}, {""type"": ""dwellTimePerSlide"", ""dwellTime"": ""00:00:01"", ""slideData"": {""slideNumber"": 11, ""verticalIndex"": 0, ""horizontalIndex"": 6}}, {""type"": ""dwellTimePerSlide"", ""dwellTime"": ""00:00:03"", ""slideData"": {""slideNumber"": 12, ""verticalIndex"": 1, ""horizontalIndex"": 6}}], ""finalProgress"": 1, ""totalDwellTime"": ""00:01:15"", ""presentationUrl"": ""http://localhost:8000/"", ""totalNumberOfSlides"": 12}"
"{""timeline"": [{""type"": ""slideTransition"", ""timestamp"": ""00:00:02"", ""currentSlide"": {""slideNumber"": 2, ""verticalIndex"": 0, ""horizontalIndex"": 1}, ""previousSlide"": {""slideNumber"": 1, ""verticalIndex"": 0, ""horizontalIndex"": 0}}, {""type"": ""slideTransition"", ""timestamp"": ""00:00:02"", ""currentSlide"": {""slideNumber"": 3, ""verticalIndex"": 0, ""horizontalIndex"": 2}, ""previousSlide"": {""slideNumber"": 2, ""verticalIndex"": 0, ""horizontalIndex"": 1}}, {""type"": ""slideTransition"", ""timestamp"": ""00:00:03"", ""currentSlide"": {""slideNumber"": 4, ""verticalIndex"": 0, ""horizontalIndex"": 3}, ""previousSlide"": {""slideNumber"": 3, ""verticalIndex"": 0, ""horizontalIndex"": 2}}, {""type"": ""slideTransition"", ""timestamp"": ""00:00:04"", ""currentSlide"": {""slideNumber"": 5, ""verticalIndex"": 0, ""horizontalIndex"": 4}, ""previousSlide"": {""slideNumber"": 4, ""verticalIndex"": 0, ""horizontalIndex"": 3}}, {""type"": ""slideTransition"", ""timestamp"": ""00:00:05"", ""currentSlide"": {""slideNumber"": 6, ""verticalIndex"": 1, ""horizontalIndex"": 4}, ""previousSlide"": {""slideNumber"": 5, ""verticalIndex"": 0, ""horizontalIndex"": 4}}, {""type"": ""slideTransition"", ""timestamp"": ""00:00:06"", ""currentSlide"": {""slideNumber"": 7, ""verticalIndex"": 2, ""horizontalIndex"": 4}, ""previousSlide"": {""slideNumber"": 6, ""verticalIndex"": 1, ""horizontalIndex"": 4}}, {""type"": ""slideTransition"", ""timestamp"": ""00:15:39"", ""currentSlide"": {""slideNumber"": 8, ""verticalIndex"": 0, ""horizontalIndex"": 5}, ""previousSlide"": {""slideNumber"": 7, ""verticalIndex"": 2, ""horizontalIndex"": 4}}, {""type"": ""slideTransition"", ""timestamp"": ""00:15:40"", ""currentSlide"": {""slideNumber"": 9, ""verticalIndex"": 1, ""horizontalIndex"": 5}, ""previousSlide"": {""slideNumber"": 8, ""verticalIndex"": 0, ""horizontalIndex"": 5}}, {""type"": ""slideTransition"", ""timestamp"": ""00:15:41"", ""currentSlide"": {""slideNumber"": 10, ""verticalIndex"": 2, ""horizontalIndex"": 5}, ""previousSlide"": {""slideNumber"": 9, ""verticalIndex"": 1, ""horizontalIndex"": 5}}, {""type"": ""slideTransition"", ""timestamp"": ""00:15:42"", ""currentSlide"": {""slideNumber"": 11, ""verticalIndex"": 0, ""horizontalIndex"": 6}, ""previousSlide"": {""slideNumber"": 10, ""verticalIndex"": 2, ""horizontalIndex"": 5}}, {""type"": ""slideTransition"", ""timestamp"": ""00:15:42"", ""currentSlide"": {""slideNumber"": 12, ""verticalIndex"": 1, ""horizontalIndex"": 6}, ""previousSlide"": {""slideNumber"": 11, ""verticalIndex"": 0, ""horizontalIndex"": 6}}, {""type"": ""quiz"", ""metadata"": {""id"": ""sampleQuiz"", ""name"": ""Test Your Knowledge!!"", ""topic"": ""<p>Think you're smart enough to be on Jeopardy? Find out with this super crazy knowledge quiz!</p>"", ""numberOfQuestions"": 5}, ""quizEvent"": ""start"", ""slideData"": {""slideNumber"": 12, ""verticalIndex"": 1, ""horizontalIndex"": 6}, ""timestamp"": ""00:15:45""}], ""userToken"": ""f9814431-d2dc-4d2a-aced-7e0db0b11ccc"", ""dwellTimes"": [{""type"": ""dwellTimePerSlide"", ""dwellTime"": ""00:00:02"", ""slideData"": {""slideNumber"": 1, ""verticalIndex"": 0, ""horizontalIndex"": 0}}, {""type"": ""dwellTimePerSlide"", ""dwellTime"": ""00:00:00"", ""slideData"": {""slideNumber"": 2, ""verticalIndex"": 0, ""horizontalIndex"": 1}}, {""type"": ""dwellTimePerSlide"", ""dwellTime"": ""00:00:00"", ""slideData"": {""slideNumber"": 3, ""verticalIndex"": 0, ""horizontalIndex"": 2}}, {""type"": ""dwellTimePerSlide"", ""dwellTime"": ""00:00:00"", ""slideData"": {""slideNumber"": 4, ""verticalIndex"": 0, ""horizontalIndex"": 3}}, {""type"": ""dwellTimePerSlide"", ""dwellTime"": ""00:00:00"", ""slideData"": {""slideNumber"": 5, ""verticalIndex"": 0, ""horizontalIndex"": 4}}, {""type"": ""dwellTimePerSlide"", ""dwellTime"": ""00:00:00"", ""slideData"": {""slideNumber"": 6, ""verticalIndex"": 1, ""horizontalIndex"": 4}}, {""type"": ""dwellTimePerSlide"", ""dwellTime"": ""00:15:33"", ""slideData"": {""slideNumber"": 7, ""verticalIndex"": 2, ""horizontalIndex"": 4}}, {""type"": ""dwellTimePerSlide"", ""dwellTime"": ""00:00:00"", ""slideData"": {""slideNumber"": 8, ""verticalIndex"": 0, ""horizontalIndex"": 5}}, {""type"": ""dwellTimePerSlide"", ""dwellTime"": ""00:00:00"", ""slideData"": {""slideNumber"": 9, ""verticalIndex"": 1, ""horizontalIndex"": 5}}, {""type"": ""dwellTimePerSlide"", ""dwellTime"": ""00:00:00"", ""slideData"": {""slideNumber"": 10, ""verticalIndex"": 2, ""horizontalIndex"": 5}}, {""type"": ""dwellTimePerSlide"", ""dwellTime"": ""00:00:00"", ""slideData"": {""slideNumber"": 11, ""verticalIndex"": 0, ""horizontalIndex"": 6}}, {""type"": ""dwellTimePerSlide"", ""dwellTime"": ""00:00:15"", ""slideData"": {""slideNumber"": 12, ""verticalIndex"": 1, ""horizontalIndex"": 6}}], ""finalProgress"": 1, ""totalDwellTime"": ""00:15:58"", ""presentationUrl"": ""http://localhost:8000/"", ""totalNumberOfSlides"": 12}"
