1,1,2020-03-14 16:************,2020-03-14 16:************
2,1,2020-03-14 16:************,2020-03-14 16:************
3,2,2020-03-15 10:************,2020-03-15 10:************
4,2,2020-03-15 10:************,2020-03-15 10:************
5,1,2020-03-15 10:************,2020-03-15 10:************
6,4,2020-03-15 17:************,2020-03-15 17:************
7,4,2020-03-15 17:************,2020-03-15 17:************
8,4,2020-03-15 17:************,2020-03-15 17:************
9,4,*,*
10,5,2020-03-15 19:************,2020-03-15 19:************
11,5,2020-03-15 19:************,2020-03-15 19:************
43,2,2020-03-24 23:************,2020-03-24 23:************
44,2,2020-03-24 23:************,2020-03-24 23:************
45,2,*,*
46,2,2020-03-29 22:************,2020-03-29 22:************
47,2,2020-03-29 22:************,2020-03-29 22:************
48,2,2020-03-29 22:************,2020-03-29 22:************
49,2,2020-03-29 22:************,2020-03-29 22:************
50,2,*,*
51,2,*,*
52,2,*,*
